label,volume_07:15,volume_load_AM,volume_07:30,volume_07:45,volume_08:00,volume_16:30,volume_load_PM,volume_16:45,volume_17:00,volume_17:15,truck_pct_07:15,truck_pct_load_AM,truck_pct_07:30,truck_pct_07:45,truck_pct_08:00,truck_pct_16:30,truck_pct_load_PM,truck_pct_16:45,truck_pct_17:00,truck_pct_17:15
1002,355.5474976,355.5474976,394.4355052,311.1040604,277.7714825,288.8823418,288.8823418,316.6594901,299.9932011,311.1040604,0.109375,0.109375,0.028169014,0.089285714,0.12,0.134615385,0.134615385,0.070175439,0.018518519,0.017857143
1003,116.6640227,116.6640227,122.2194523,127.774882,216.6617564,349.992068,349.992068,266.6606232,299.9932011,294.4377715,0.285714286,0.285714286,0.136363636,0.173913043,0.128205128,0.015873016,0.015873016,0.083333333,0.055555556,0.037735849
1014,539.5450332,539.5450332,545.1073531,723.1015909,773.1624702,1457.327822,1457.327822,1507.388701,1318.269823,1462.890142,0.082474227,0.082474227,0.081632653,0.038461538,0.151079137,0.038167939,0.038167939,0.011070111,0.008438819,0.011406844
1022,221.5791962,221.5791962,184.6493302,174.0979399,163.5465496,184.6493302,184.6493302,216.3035011,163.5465496,216.3035011,0.071428571,0.071428571,0.057142857,0.03030303,0.064516129,0.171428571,0.171428571,0.048780488,0.032258065,0.12195122
1025,21.10278059,21.10278059,21.10278059,15.82708544,47.48125633,47.48125633,47.48125633,47.48125633,73.85973207,15.82708544,0.25,0.25,0.25,0,0.555555556,0,0,0,0.071428571,0
1031,1086.578901,1086.578901,1148.966206,1232.14928,935.8095798,915.0138113,915.0138113,753.8466059,868.2233324,998.1968851,0,0,0,0,0,0,0,0,0,0
1034,171.5650896,171.5650896,244.3502792,181.9629738,259.9471055,306.7375845,306.7375845,322.3344108,280.7428739,285.941816,0,0,0,0,0,0,0,0,0,0